{
    "units": [
        "K",
        "kg/m^3",
        "kJ/kg/K",
        "N*s/m^2",
        "m^2/s",
        "W/m/K",
        " m^2/s",
        ""
    ],
    "labels": [
        "T",
        "rho",
        "cp",
        "mu",
        "v",
        "k",
        "a",
        "pr"
    ],
    "scaleFactors": [
        1,
        1,
        1,
        10000000,
        1000000,
        1000,
        1000000,
        1
    ],
    "T": [
        100.0,
        150.0,
        200.0,
        250.0,
        300.0,
        350.0,
        400.0,
        450.0,
        500.0,
        550.0,
        600.0,
        650.0,
        700.0,
        750.0,
        800.0,
        850.0,
        900.0,
        950.0,
        1000.0,
        1100.0,
        1200.0,
        1300.0,
        1400.0,
        1500.0,
        1600.0,
        1700.0,
        1800.0,
        1900.0,
        2000.0,
        2100.0,
        2200.0,
        2300.0,
        2400.0,
        2500.0,
        3000.0
    ],
    "rho": [
        3.5562,
        2.3364,
        1.7458,
        1.3947,
        1.1614,
        0.995,
        0.8711,
        0.774,
        0.6964,
        0.6329,
        0.5804,
        0.5356,
        0.4975,
        0.4643,
        0.4354,
        0.4097,
        0.3868,
        0.3666,
        0.3482,
        0.3166,
        0.2902,
        0.2679,
        0.2488,
        0.2322,
        0.2177,
        0.2049,
        0.1935,
        0.1833,
        0.1741,
        0.1658,
        0.1582,
        0.1513,
        0.1448,
        0.1389,
        0.1135
    ],
    "cp": [
        1.032,
        1.012,
        1.007,
        1.006,
        1.007,
        1.009,
        1.014,
        1.021,
        1.03,
        1.04,
        1.051,
        1.063,
        1.075,
        1.087,
        1.099,
        1.11,
        1.121,
        1.131,
        1.141,
        1.159,
        1.175,
        1.189,
        1.207,
        1.23,
        1.248,
        1.267,
        1.286,
        1.307,
        1.337,
        1.372,
        1.417,
        1.478,
        1.558,
        1.665,
        2.726
    ],
    "mu": [
        7.11e-06,
        1.0340000000000001e-05,
        1.325e-05,
        1.596e-05,
        1.846e-05,
        2.0819999999999997e-05,
        2.3009999999999998e-05,
        2.507e-05,
        2.701e-05,
        2.884e-05,
        3.058e-05,
        3.225e-05,
        3.388e-05,
        3.546e-05,
        3.698e-05,
        3.843e-05,
        3.981e-05,
        4.113e-05,
        4.244e-05,
        4.49e-05,
        4.73e-05,
        4.96e-05,
        5.3e-05,
        5.57e-05,
        5.84e-05,
        6.11e-05,
        6.37e-05,
        6.63e-05,
        6.89e-05,
        7.15e-05,
        7.4e-05,
        7.66e-05,
        7.92e-05,
        8.18e-05,
        9.55e-05
    ],
    "v": [
        2e-06,
        4.4260000000000005e-06,
        7.59e-06,
        1.1439999999999999e-05,
        1.5890000000000002e-05,
        2.0920000000000003e-05,
        2.641e-05,
        3.239e-05,
        3.879e-05,
        4.557e-05,
        5.269e-05,
        6.021e-05,
        6.809999999999999e-05,
        7.637e-05,
        8.493e-05,
        9.38e-05,
        0.00010290000000000001,
        0.0001122,
        0.00012190000000000001,
        0.0001418,
        0.0001629,
        0.0001851,
        0.000213,
        0.00024,
        0.000268,
        0.000298,
        0.000329,
        0.000362,
        0.000396,
        0.000431,
        0.000468,
        0.000506,
        0.000547,
        0.000589,
        0.000841
    ],
    "k": [
        0.00934,
        0.013800000000000002,
        0.0181,
        0.0223,
        0.0263,
        0.03,
        0.0338,
        0.0373,
        0.0407,
        0.0439,
        0.0469,
        0.0497,
        0.052399999999999995,
        0.0549,
        0.0573,
        0.0596,
        0.062,
        0.0643,
        0.06670000000000001,
        0.0715,
        0.07629999999999999,
        0.082,
        0.091,
        0.1,
        0.106,
        0.113,
        0.12,
        0.128,
        0.137,
        0.147,
        0.16,
        0.175,
        0.196,
        0.222,
        0.486
    ],
    "a": [
        2.5400000000000002e-06,
        5.84e-06,
        1.0300000000000001e-05,
        1.59e-05,
        2.25e-05,
        2.99e-05,
        3.8299999999999996e-05,
        4.72e-05,
        5.67e-05,
        6.670000000000001e-05,
        7.69e-05,
        8.73e-05,
        9.8e-05,
        0.000109,
        0.00012,
        0.000131,
        0.000143,
        0.000155,
        0.000168,
        0.000195,
        0.000224,
        0.000257,
        0.000303,
        0.00035,
        0.00039,
        0.000435,
        0.000482,
        0.000534,
        0.000589,
        0.000646,
        0.000714,
        0.000783,
        0.000869,
        0.00096,
        0.00157
    ],
    "pr": [
        0.786,
        0.758,
        0.737,
        0.72,
        0.707,
        0.7,
        0.69,
        0.686,
        0.684,
        0.683,
        0.685,
        0.69,
        0.695,
        0.702,
        0.709,
        0.716,
        0.72,
        0.723,
        0.726,
        0.728,
        0.728,
        0.719,
        0.703,
        0.685,
        0.688,
        0.685,
        0.683,
        0.677,
        0.672,
        0.667,
        0.655,
        0.647,
        0.63,
        0.613,
        0.536
    ]
}