{
    "units": [
        "K",
        "bar",
        "m^3/kg",
        "m^3/kg",
        "kJ/kg",
        "kJ/kg",
        "kJ/kg",
        "N*s/m^2",
        "N*s/m^2",
        "W/m/K",
        "W/m/K",
        "1",
        "1",
        "N/m",
        "K^-1"
    ],
    "labels": [
        "T",
        "P",
        "vf",
        "vg",
        "hfg",
        "cp_f",
        "cp_g",
        "mu_f",
        "mu_g",
        "kf",
        "kg",
        "Prf",
        "Pfg",
        "sigf",
        "betaf"
    ],
    "scaleFactors": [
        1,
        1,
        1000,
        1,
        1,
        1,
        1,
        1000000,
        1000000,
        1000,
        1000,
        1,
        1,
        1000,
        1000000
    ],
    "T": [
        273.15,
        275.0,
        280.0,
        285.0,
        290.0,
        295.0,
        300.0,
        305.0,
        310.0,
        315.0,
        320.0,
        325.0,
        330.0,
        335.0,
        340.0,
        345.0,
        350.0,
        355.0,
        360.0,
        365.0,
        370.0,
        373.15,
        375.0,
        380.0,
        385.0,
        390.0,
        400.0,
        410.0,
        420.0,
        430.0
    ],
    "P": [
        0.00611,
        0.00697,
        0.0099,
        0.01387,
        0.01917,
        0.02617,
        0.03531,
        0.04712,
        0.06221,
        0.08132,
        0.1053,
        0.1351,
        0.1719,
        0.2167,
        0.2713,
        0.3372,
        0.4163,
        0.51,
        0.6209,
        0.7514,
        0.904,
        1.0133,
        1.0815,
        1.2869,
        1.5233,
        1.794,
        2.455,
        3.302,
        4.37,
        5.699
    ],
    "vf": [
        0.001,
        0.001,
        0.001,
        0.001,
        0.001001,
        0.001002,
        0.001003,
        0.0010049999999999998,
        0.0010069999999999999,
        0.001009,
        0.001011,
        0.0010129999999999998,
        0.001016,
        0.001018,
        0.001021,
        0.001024,
        0.001027,
        0.00103,
        0.001034,
        0.001038,
        0.0010409999999999998,
        0.001044,
        0.001045,
        0.001049,
        0.001053,
        0.0010580000000000001,
        0.001067,
        0.001077,
        0.001088,
        0.001099
    ],
    "vg": [
        206.3,
        181.7,
        130.4,
        99.4,
        69.7,
        51.94,
        39.13,
        29.74,
        22.93,
        17.82,
        13.98,
        11.06,
        8.82,
        7.09,
        5.74,
        4.683,
        3.846,
        3.18,
        2.645,
        2.212,
        1.861,
        1.679,
        1.574,
        1.337,
        1.142,
        0.98,
        0.731,
        0.553,
        0.425,
        0.331
    ],
    "hfg": [
        2502.0,
        2497.0,
        2485.0,
        2473.0,
        2461.0,
        2449.0,
        2438.0,
        2426.0,
        2414.0,
        2402.0,
        2390.0,
        2378.0,
        2366.0,
        2354.0,
        2342.0,
        2329.0,
        2317.0,
        2304.0,
        2291.0,
        2278.0,
        2265.0,
        2257.0,
        2252.0,
        2239.0,
        2225.0,
        2212.0,
        2183.0,
        2153.0,
        2123.0,
        2091.0
    ],
    "cp_f": [
        4.217,
        4.211,
        4.198,
        4.189,
        4.184,
        4.181,
        4.179,
        4.178,
        4.178,
        4.179,
        4.18,
        4.182,
        4.184,
        4.186,
        4.188,
        4.191,
        4.195,
        4.199,
        4.203,
        4.209,
        4.214,
        4.217,
        4.22,
        4.226,
        4.232,
        4.239,
        4.256,
        4.278,
        4.302,
        4.331
    ],
    "cp_g": [
        1.854,
        1.855,
        1.858,
        1.861,
        1.864,
        1.868,
        1.872,
        1.877,
        1.882,
        1.888,
        1.895,
        1.903,
        1.911,
        1.92,
        1.93,
        1.941,
        1.954,
        1.968,
        1.983,
        1.999,
        2.017,
        2.029,
        2.036,
        2.057,
        2.08,
        2.104,
        2.158,
        2.221,
        2.291,
        2.369
    ],
    "mu_f": [
        0.00175,
        0.001652,
        0.001422,
        0.001225,
        0.00108,
        0.000959,
        0.000855,
        0.000769,
        0.000695,
        0.000631,
        0.000577,
        0.000528,
        0.000489,
        0.000453,
        0.00042,
        0.000389,
        0.000365,
        0.000343,
        0.000324,
        0.000306,
        0.000289,
        0.000279,
        0.000274,
        0.00026,
        0.000248,
        0.000237,
        0.000217,
        0.0002,
        0.000185,
        0.000173
    ],
    "mu_g": [
        8.02e-06,
        8.09e-06,
        8.289999999999999e-06,
        8.49e-06,
        8.69e-06,
        8.890000000000001e-06,
        9.09e-06,
        9.289999999999999e-06,
        9.49e-06,
        9.689999999999999e-06,
        9.89e-06,
        1.009e-05,
        1.029e-05,
        1.049e-05,
        1.069e-05,
        1.089e-05,
        1.109e-05,
        1.1289999999999999e-05,
        1.149e-05,
        1.169e-05,
        1.1890000000000001e-05,
        1.202e-05,
        1.209e-05,
        1.229e-05,
        1.249e-05,
        1.2689999999999999e-05,
        1.305e-05,
        1.342e-05,
        1.3789999999999998e-05,
        1.414e-05
    ],
    "kf": [
        0.569,
        0.574,
        0.582,
        0.59,
        0.598,
        0.606,
        0.613,
        0.62,
        0.628,
        0.634,
        0.64,
        0.645,
        0.65,
        0.656,
        0.66,
        0.664,
        0.668,
        0.671,
        0.674,
        0.677,
        0.679,
        0.68,
        0.681,
        0.683,
        0.685,
        0.686,
        0.688,
        0.688,
        0.688,
        0.685
    ],
    "kg": [
        0.0182,
        0.0183,
        0.018600000000000002,
        0.0189,
        0.0193,
        0.0195,
        0.019600000000000003,
        0.0201,
        0.020399999999999998,
        0.0207,
        0.021,
        0.0213,
        0.0217,
        0.022,
        0.0223,
        0.022600000000000002,
        0.023,
        0.0233,
        0.0237,
        0.0241,
        0.0245,
        0.0248,
        0.0249,
        0.0254,
        0.0258,
        0.0263,
        0.0272,
        0.0282,
        0.0298,
        0.0304
    ],
    "Prf": [
        12.99,
        12.22,
        10.26,
        8.81,
        7.56,
        6.62,
        5.83,
        5.2,
        4.62,
        4.16,
        3.77,
        3.42,
        3.15,
        2.88,
        2.66,
        2.45,
        2.29,
        2.14,
        2.02,
        1.91,
        1.8,
        1.76,
        1.7,
        1.61,
        1.53,
        1.47,
        1.34,
        1.24,
        1.16,
        1.09
    ],
    "Pfg": [
        0.815,
        0.817,
        0.825,
        0.833,
        0.841,
        0.849,
        0.857,
        0.865,
        0.873,
        0.883,
        0.894,
        0.901,
        0.908,
        0.916,
        0.925,
        0.933,
        0.942,
        0.951,
        0.96,
        0.969,
        0.978,
        0.984,
        0.987,
        0.999,
        1.004,
        1.013,
        1.033,
        1.054,
        1.075,
        1.1
    ],
    "sigf": [
        0.0755,
        0.07529999999999999,
        0.07479999999999999,
        0.07429999999999999,
        0.0737,
        0.0727,
        0.0717,
        0.0709,
        0.07,
        0.0692,
        0.0683,
        0.0675,
        0.06659999999999999,
        0.0658,
        0.0649,
        0.06409999999999999,
        0.0632,
        0.062299999999999994,
        0.061399999999999996,
        0.0605,
        0.0595,
        0.0589,
        0.0586,
        0.0576,
        0.056600000000000004,
        0.055600000000000004,
        0.0536,
        0.0515,
        0.0494,
        0.047200000000000006
    ],