{
    "units": [
        "K",
        "kg/m^3",
        "kJ/kg/K",
        "N*s/m^2",
        "m^2/s",
        "W/m/K",
        " m^2/s",
        ""
    ],
    "labels": [
        "T",
        "rho",
        "cp",
        "mu",
        "v",
        "k",
        "a",
        "pr"
    ],
    "scaleFactors": [
        1,
        1,
        1,
        10000000,
        1000000,
        1000,
        1000000,
        1
    ],
    "T": [
        380.0,
        400.0,
        450.0,
        500.0,
        550.0,
        600.0,
        650.0,
        700.0,
        750.0,
        800.0,
        850.0
    ],
    "rho": [
        0.5863,
        0.5542,
        0.4902,
        0.4405,
        0.4005,
        0.3652,
        0.338,
        0.314,
        0.2931,
        0.2739,
        0.2579
    ],
    "cp": [
        2.06,
        2.014,
        1.98,
        1.985,
        1.997,
        2.026,
        2.056,
        2.085,
        2.119,
        2.152,
        2.186
    ],
    "mu": [
        1.2709999999999999e-05,
        1.344e-05,
        1.525e-05,
        1.704e-05,
        1.884e-05,
        2.067e-05,
        2.247e-05,
        2.4259999999999998e-05,
        2.6039999999999998e-05,
        2.786e-05,
        2.969e-05
    ],
    "v": [
        2.168e-05,
        2.425e-05,
        3.111e-05,
        3.868e-05,
        4.704e-05,
        5.66e-05,
        6.648e-05,
        7.726e-05,
        8.884000000000001e-05,
        0.0001017,
        0.00011509999999999999
    ],
    "k": [
        0.0246,
        0.0261,
        0.0299,
        0.0339,
        0.037899999999999996,
        0.0422,
        0.0464,
        0.0505,
        0.0549,
        0.0592,
        0.0637
    ],
    "a": [
        2.0399999999999998e-05,
        2.34e-05,
        3.08e-05,
        3.8799999999999994e-05,
        4.74e-05,
        5.7e-05,
        6.68e-05,
        7.709999999999999e-05,
        8.840000000000001e-05,
        0.0001,
        0.000113
    ],
    "pr": [
        1.06,
        1.04,
        1.01,
        0.998,
        0.993,
        0.993,
        0.996,
        1.0,
        1.0,
        1.01,
        1.02
    ]
}